{"cameraMode":{"drawMode":0,"name":"Shaded","section":"Shading Mode"},"sceneLighting":true,"audioPlay":false,"sceneViewState":{"showFog":true,"showMaterialUpdate":false,"showSkybox":true,"showFlares":true,"showImageEffects":true,"showParticleSystems":true},"in2DMode":false,"pivot":{"x":3.3806982040405275,"y":-45.65575408935547,"z":50.4764404296875},"rotation":{"x":-0.3440995514392853,"y":0.013236741535365582,"z":-0.0048514786176383499,"w":-0.9388448596000671},"size":68.96086883544922,"orthographic":false}